Quest_Main_Npc_Script_0001,안녕* 이방인? 우리 꽃샘 마을에 온 것을 환영해!,,
Quest_Main_Npc_Script_0002,우리 마을은 이방인들이 처음 경험하게 되는 마을이야.,,
Quest_Main_Npc_Script_0003,그러니 먼저* 우리 월드에서 살아남기 위한 여러가지 방법들을 배워야겠지?,,
Quest_Main_Npc_Script_0004,우선* 우리 마을을 한 번 둘러보고 마을 아이들과 인사도 나누고 와!,,
Quest_Main_Npc_Script_0005,인사를 해야 할 친구들 위에는 마크가 떠 있을 테니 쉽게 확인할 수 있을거야.,,
Quest_Main_Npc_Script_0006,몇 명과 인사를 나눌 지는 자유니까 마음대로 하렴~,,
Quest_Main_Npc_Script_0007,조심히 다녀와~,,
Quest_Main_Npc_Script_0008,아직 아무와도 인사하지 않은 것 같은데?,,
Quest_Main_Npc_Script_0009,안녕* 이방인! 우리 꽃샘 마을에 온 걸 환영해~,,
Quest_Main_Npc_Script_0010,오랜만의 이방인이다.. 반갑다..,,
Quest_Main_Npc_Script_0011,안녕~ 잘 적응해서  즐겁게 지내보자구!,,
Quest_Main_Npc_Script_0012,인사는 잘 하고 왔어?,,
Quest_Main_Npc_Script_0013,버들이 너에게 알려주고 싶은 것이 있다던데 한 번 가봐!,,
Quest_Main_Npc_Script_0014,우리 월드에서 살아남는 데 도움이 될만한 도구들을 인벤토리에 넣어뒀어. 잘 쓰렴!,,
Quest_Main_Npc_Script_0015,왔구나! 기다렸어.,,
Quest_Main_Npc_Script_0016,나는 너에게 우리 월드에서 살기 위해 꼭 필요한 '채집'에 대해 알려주려고 해.,,
Quest_Main_Npc_Script_0017,우선 딸기를 2개 채집해 올래?,,
Quest_Main_Npc_Script_0018,딸기를 채집하는 방법이 궁금하다면 저 맞은편에 있는 친구에게 물어봐!,,
Quest_Main_Npc_Script_0019,물론* 직접 몸으로 경험하며 배우고 싶다면 바로 가도 좋아.,,
Quest_Main_Npc_Script_0020,아 참! 딸기는 바로 근처에 덩그러니 있는 건물 꼭대기에 있을 거야~,,
Quest_Main_Npc_Script_0021,건물 꼭대기로 올라가기 위해서는 등반을 해야해.,,
Quest_Main_Npc_Script_0022,등반은 볼록 튀어나와 있는 물체를 직접 손으로 잡으면서 올라가면 돼!,,
Quest_Main_Npc_Script_0023,딸기를 채집하고 와서 나한테 다시 말을 걸어줘!,,
Quest_Main_Npc_Script_0024,안녕! 채집하는 방법이 궁금하다고?,,
Quest_Main_Npc_Script_0025,친절하게 설명해주지! 나만 믿어~,,
Quest_Main_Npc_Script_0026,채집이 가능한 아이템 주변에 가면 아이템이 반짝반짝 빛날거야.,,
Quest_Main_Npc_Script_0027,그 아이템을 얻고 싶으면 근처에 가서 Y버튼만 눌러주면 돼.,,
Quest_Main_Npc_Script_0028,어때* 간단하지?,,
Quest_Main_Npc_Script_0029,물론* 도구가 있어야만 채집할 수 있는 아이템도 많으니 잊지말고~,,
Quest_Main_Npc_Script_0030,빨리 왔네? 너 재능이 있구나?! 보상으로 우유를 줄게!,,
Quest_Main_Npc_Script_0031,리타 아저씨가 너를 부르더라! 어서 한 번 아저씨에게 가봐!,,
Quest_Main_Npc_Script_0032,수렵에 대해서 알려주겠다..,,
Quest_Main_Npc_Script_0033,고기 좋아하지? 맛있다 고기는..,,
Quest_Main_Npc_Script_0034,수렵 구역으로 가서 너프건을 사용해 오리를 잡아와.,,
Quest_Main_Npc_Script_0035,B키를 통해 슬로우 모드를 사용하면 더 쉽게 잡을 수 있을 거다..,,
Quest_Main_Npc_Script_0036,수렵 구역은 근처에 있네. 메뉴를 열어보면 가방 안에 너프건이 있을거야.,,
Quest_Main_Npc_Script_0037,내 이웃이 고기를 먹고 싶어 하던데..,,
Quest_Main_Npc_Script_0038,여유가 있으면 2개만 전해줘. 물론 전해주지 않아도 상관 없다..,,
Quest_Main_Npc_Script_0039,고기 싫어하니? 오리를 잡고 나서 다시 말을 걸어..,,
Quest_Main_Npc_Script_0040,우와! 고마워~! 너 정말 착하구나!,,
Quest_Main_Npc_Script_0041,리타에게 다시 가봐! 아저씨가 너에게 뭔가를 줄거야!,,
Quest_Main_Npc_Script_0042,재능이 있는 친구인 것 같군.,,
Quest_Main_Npc_Script_0043,앞으로의 모험에서도 사냥해야 할 일은 많을테니 이 감각을 잊지 말게..,,
Quest_Main_Npc_Script_0044,목구라는 친구가 가르쳐줄 것이 있다니 한 번 가보게나..껄껄,,
Quest_Main_Npc_Script_0045,안녕! 채집이랑 수렵은 잘 배우고 왔어?,,
Quest_Main_Npc_Script_0046,우리 월드에서 살아남기 위한 마지막 방법! 그건 바로~,,
Quest_Main_Npc_Script_0047,제작이야! 채집과 수렵을 통해 얻은 재료들을 가공하는 것이지!,,
Quest_Main_Npc_Script_0048,앞에 나와 비슷하게 생긴 친구가 제작 방법 및 계획 수립 방법에 대해 알려줄거야.,,
Quest_Main_Npc_Script_0049,듣지 않고 바로 제작하고 싶으면 내 옆 제작대로 가서 Y버튼을 눌러봐.,,
Quest_Main_Npc_Script_0050,너가 제작해야 할 음식은 송이 불고기야. 이름만 들어도 맛있겠지?,,
Quest_Main_Npc_Script_0051,제작은 중요해. 송이 불고기 제작 후에 찾아와!,,
Quest_Main_Npc_Script_0052,본론으로 바로 가지!,,
Quest_Main_Npc_Script_0053,제작대에 가서 상호작용을 하면 제작 창이 열릴걸세!,,
Quest_Main_Npc_Script_0054,원하는 물품의 재료를 확인하고 조건을 충족했을 시 제작 버튼만 누르면 끝!,,
Quest_Main_Npc_Script_0055,앞으로 생활하다보면 배부름* 응가 게이지를 관리해야 할거야.,,
Quest_Main_Npc_Script_0056,그때마다 미리 제작할 수 있는 물품들을 확인하고 계획을 세우면 도움이 되겠지?,,
Quest_Main_Npc_Script_0057,어때* 간단하지? 바로 실전으로 가보도록!,,
Quest_Main_Npc_Script_0058,훌륭해! 좋은 음식은 제작을 통해서만 획득 가능하니 잊지 마!,,
Quest_Main_Npc_Script_0059,보상으로 우리 꽃샘 마을에서는 획득이 불가능한 토마토를 줄게!,,
Quest_Main_Npc_Script_0060,촌장님이 너에게 꼭 전해주고 싶은 이야기가 있으신 가봐. 한번 가봐.,,
Quest_Main_Npc_Script_0061,왔는가. 마을 사람들이 모두 자네를 무척이나 마음에 들어 하더군 허허.,,
Quest_Main_Npc_Script_0062,자네는 모르겠지만 자네는 평범한 이방인이 아닐세.,,
Quest_Main_Npc_Script_0063,나: 제가요?,,
Quest_Main_Npc_Script_0064,우리 월드에 내려오는 전설에 따르면,,
Quest_Main_Npc_Script_0065,300번 째로 우리 월드에 나타나는 이방인이 구원자가 될 거라는 이야기가 있었네.,,
Quest_Main_Npc_Script_0066,자네가 바로 그 이방인이지.,,
Quest_Main_Npc_Script_0067,잠시만 기다려보게나. 곧 우리 마을에 변화가 생길 터이니..,,
Quest_Main_Npc_Script_0068,오오.. 정말 자네가 우리의 구원자인걸까..,,
Quest_Main_Npc_Script_0069,나도 상세한 건 잘 모른다만,,
Quest_Main_Npc_Script_0070,다른 지역 주민들의 부탁을 들어주다 보면 해답을 얻을 수 있을걸세.,,
Quest_Main_Npc_Script_0071,물론* 빠른 시일 내에 집으로 돌아가는 것도 중요하지.,,
Quest_Main_Npc_Script_0072,그렇지만 지금 이 시간이 훗날 좋은 추억으로 기억될 수 있게 즐거운 경험들도 함께 누리길 바라네.,,
Quest_Main_Npc_Script_0073,앞으로 잘 부탁하네. 구원자여.,,
Quest_Main_Npc_Script_0074,이게 누구야~?,,
Quest_Main_Npc_Script_0075,우리 구원자님이시잖아!,,
Quest_Main_Npc_Script_0076,연두한테 듣자 하니 고민이 많으시다던데,,
Quest_Main_Npc_Script_0077,낚시 좀 하면서 바람이나 쐬고 올래?,,
Quest_Main_Npc_Script_0078,우리 마을의 경치도 구경하고 사람들에게 조언도 좀 구해봐!,,
Quest_Main_Npc_Script_0079,물론* 사색에 잠기고 싶다면 곧장 낚시터로 가도 좋아!,,
Quest_Main_Npc_Script_0080,물고기를 15마리 정도 잡으면 고민이 해결되지 않겠어?,,
Quest_Main_Npc_Script_0081,나: 뭐?! 날도 더운데 15마리나 잡으라고?,,
Quest_Main_Npc_Script_0082,하하* 농담이야 농담. 5마리 정도만 잡으며 한 번 고민해 봐!,,
Quest_Main_Npc_Script_0083,5마리 잡기도 힘든 거야? 다 잡고 와서 말을 걸어줘!,,
Quest_Main_Npc_Script_0084,아직 뭐가 정답인 지는 아무도 모르잖아?,,
Quest_Main_Npc_Script_0085,지름길로 가려고 하지는 마.,,
Quest_Main_Npc_Script_0086,지름길로 가려다 가는 진실을 놓치고 의욕을 잃을 수도 있어.,,
Quest_Main_Npc_Script_0087,앞으로도 응원할게.,,
Quest_Main_Npc_Script_0088,한 가지 중요한 힌트를 주자면,,
Quest_Main_Npc_Script_0089,뭉비타이 월드에는 4개의 마을이 있지.,,
Quest_Main_Npc_Script_0090,4개 마을의 친구들이 원하는 것들을 하나하나 전부 들어주면,,
Quest_Main_Npc_Script_0091,집에 갈 수도 있다는 말을 어디서 들은 것 같기도~,,
Quest_Main_Npc_Script_0092,잘 다녀왔어? 생각 정리는 좀 됐니?,,
Quest_Main_Npc_Script_0093,어떤 시련이든 너라면 잘 극복할 것이라 믿어.,,
Quest_Main_Npc_Script_0094,넌 우리의 구원자니까!,,
Quest_Main_Npc_Script_0095,리비이라는 친구가 급한 일이 생겼나 보던데 한 번 가줄래?,,
Quest_Main_Npc_Script_0096,물고기 잡느라 고생했으니 감자를 보상으로 줄게! 안녕~,,
Quest_Main_Npc_Script_0097,큰일이야!!,,
Quest_Main_Npc_Script_0098,나: 무슨 일이야?,,
Quest_Main_Npc_Script_0099,삐리뽀가 사라졌어!,,
Quest_Main_Npc_Script_0100,나: 삐리뽀가 누군데..?,,
Quest_Main_Npc_Script_0101,내 베스트 프렌드야! 나는 삐리뽀 없이 살 수 없어.. 흑흑,,
Quest_Main_Npc_Script_0102,우리는 바다 마을에서만 오래 지낼 수 있어서 멀리는 못 갔을 거야.,,
Quest_Main_Npc_Script_0103,마을 사람들이 삐리뽀를 봤을 수도 있으니 가는 길에 한 번 물어봐 줄래?,,
Quest_Main_Npc_Script_0104,아직 어색하고 혼자 찾고 싶으면 바로 찾으러 떠나도 좋아.,,
Quest_Main_Npc_Script_0105,삐리뽀를 찾아줘.. 부탁할게!!,,
Quest_Main_Npc_Script_0106,뭐? 삐리뽀가 없어졌다고? 아까 모래사장 근처로 가는 걸 내가 봤는데?,,
Quest_Main_Npc_Script_0107,삐리뽀는 원래 말도 없이 어딜 잘 돌아다니곤 하지,,
Quest_Main_Npc_Script_0108,아마 어디 구석진 데서 쉬거나 놀고 있을 거야,,
Quest_Main_Npc_Script_0109,응? 나를 찾았다고? 왜??,,
Quest_Main_Npc_Script_0110,나: 리비이라는 아이가 너를 걱정하던데.,,
Quest_Main_Npc_Script_0111,아유* 리비는 걱정이 너~무 많다니까?,,
Quest_Main_Npc_Script_0112,나는 그저 잠시 혼자 쉬고 있었을 뿐이라고!,,
Quest_Main_Npc_Script_0113,아무튼 고마워.,,
Quest_Main_Npc_Script_0114,내가 먼저 가서 리비를 달래고 있을 테니 천천히 뒤따라와.,,
Quest_Main_Npc_Script_0115,구원자님! 삐리뽀를 찾아줘서 고마워!,,
Quest_Main_Npc_Script_0116,별일 없었다니 다행이야 헤헤.,,
Quest_Main_Npc_Script_0117,도와준 보답으로 야자 주스를 줄게! 맛있게 먹어~,,
Quest_Main_Npc_Script_0118,리비가 부탁하고 싶은 일이 있대.,,
Quest_Main_Npc_Script_0119,무슨 일 있나 본데 한 번 가서 확인해 줘!,,
Quest_Main_Npc_Script_0120,안녕하세요 구원자님!,,
Quest_Main_Npc_Script_0121,저는 리비라고 해요!,,
Quest_Main_Npc_Script_0122,다름이 아니라 제 동생인 지락이가 아파서 며칠 내내 누워있어요.,,
Quest_Main_Npc_Script_0123,지락이를 위해 피쉬앤칩스를 만들어 주실 수 있을까요?,,
Quest_Main_Npc_Script_0124,피쉬앤칩스를 지락이에게 직접 전해주셔도 좋고,,
Quest_Main_Npc_Script_0125,저를 통해 전달을 부탁해 주셔도 좋아요! 기다릴게요~,,
Quest_Main_Npc_Script_0126,아 참! 우리 집은 마을 입구 바로 왼편에 있어요!,,
Quest_Main_Npc_Script_0127,지락이나 저에게 피쉬앤칩스를 가져다주시겠어요?,,
Quest_Main_Npc_Script_0128,나: 아프다고 해서 직접 전해주러 왔어 지락아.,,
Quest_Main_Npc_Script_0129,우와! 제가 좋아하는 음식이에요!,,
Quest_Main_Npc_Script_0130,신경 써주셔서 감사해요! 맛있게 먹고 얼른 나을게요!,,
Quest_Main_Npc_Script_0131,리비 형한테 다시 가보실래요? 형이 드리고 싶은 게 있대요!,,
Quest_Main_Npc_Script_0132,감사해요 구원자님!,,
Quest_Main_Npc_Script_0133,덕분에 우리 지락이가 금방 나을 수 있을 것 같아요,,
Quest_Main_Npc_Script_0134,앞으로의 여정도 응원할게요!,,
Quest_Main_Npc_Script_0135,크립토가 재밌는 놀이를 기획했다는데 한 번 가보실래요?,,
Quest_Main_Npc_Script_0136,안녕. 혹시 보물 찾기에 관심 있니?,,
Quest_Main_Npc_Script_0137,내가 친구들과 함께 마을 곳곳에 보물을 숨겨 놓았거든.,,
Quest_Main_Npc_Script_0138,어때?! 재밌겠지?? 당장 시작해 보자!,,
Quest_Main_Npc_Script_0139,보물 찾기에 관한 자세한 설명을 듣고 싶으면 마시토를 찾아가봐.,,
Quest_Main_Npc_Script_0140,보물 찾기의 전체 흐름에 관한 이야기가 궁금하면 파시토를 찾아가봐.,,
Quest_Main_Npc_Script_0141,둘 중 한 명에게만 보물 찾기에 관한 설명을 들을 수 있어.,,
Quest_Main_Npc_Script_0142,아무에게도 설명을 듣지 않는다면…,,
Quest_Main_Npc_Script_0143,보물 찾기가 시작되지 않을테니 꼭 둘 중 한 명에게 말을 건 후 출발해!,,
Quest_Main_Npc_Script_0144,보물 찾기 쉽지 않지? 3개를 찾아오면 보상을 주지!,,
Quest_Main_Npc_Script_0145,보물 찾기의 자세한 내용이 궁금하지? 쉽게 요약해 줄게.,,
Quest_Main_Npc_Script_0146,우선* 보물은 총 3개야. 제한 시간도 없어.,,
Quest_Main_Npc_Script_0147,두 개의 보물은 건물 높은 곳에 가면 비교적 쉽게 찾을 수 있겠지만,,
Quest_Main_Npc_Script_0148,나머지 한 개는 좀 어려울 거야.,,
Quest_Main_Npc_Script_0149,보물 근처에는 그곳에 보물을 배치한 친구들이 있을 테니 한번 잘 찾아봐!,,
Quest_Main_Npc_Script_0150,보물을 전부 찾으면 근사한 보상도 기다리고 있으니 파이팅!,,
Quest_Main_Npc_Script_0151,보물 찾기의 전체 흐름이 어떻게 흘러가는지 궁금해?,,
Quest_Main_Npc_Script_0152,어렵게 생각할 건 없어.,,
Quest_Main_Npc_Script_0153,총 3개의 보물이 있는데 그중 하나는 아주 근사한 보물이지!,,
Quest_Main_Npc_Script_0154,너는 보물 찾기를 시작하고 보물을 전부 찾으면 크립토에게 돌아가면 돼.,,
Quest_Main_Npc_Script_0155,꼭꼭 잘 숨겨 놨으니 상상력을 맘껏 발휘해 봐!,,
Quest_Main_Npc_Script_0156,한 가지 힌트를 주자면* 보물은 전부 그걸 숨긴 친구들 근처에 있지!,,
Quest_Main_Npc_Script_0157,이야~! 정말 전부 찾아왔잖아?,,
Quest_Main_Npc_Script_0158,나와 내 친구들도 이걸 숨기면서 찾기 쉽지 않을 거라 생각했는데 말이지.,,
Quest_Main_Npc_Script_0159,그런데 말야* 우리는 무슨 저주를 받았길래 너를 구원자라고 부르는 걸까?,,
Quest_Main_Npc_Script_0160,아무튼! 이렇게 우리 월드의 사람들을 도와주고 척척해내는 걸 보니,,
Quest_Main_Npc_Script_0161,뭐가 됐든 구원자라는 호칭이 잘 어울리는 인물이라는 생각이 들어.,,
Quest_Main_Npc_Script_0162,우리 촌장님이 너를 찾으셔. 가서 얘기 나누어 봐!,,
Quest_Main_Npc_Script_0163,같이 놀아줘서 고마워. 보상으론 내가 아끼는 유자를 줄게!,,
Quest_Main_Npc_Script_0164,오셨군요 구원자님.,,
Quest_Main_Npc_Script_0165,바다 마을에서의 생활은 지낼 만 하셨나요?,,
Quest_Main_Npc_Script_0166,나: 네* 아직까지는 즐겁게 생활하고 있습니다.,,
Quest_Main_Npc_Script_0167,오늘 구원자님을 부른 이유는 다름이 아니고…,,
Quest_Main_Npc_Script_0168,구원자님이 오신 이후 1달에 한 번 진행하던 촌장 회의를 매일 하고 있어요.,,
Quest_Main_Npc_Script_0169,저희 촌장들은 저희가 이전에 어떤 존재였는지 전부 기억하고 있답니다.,,
Quest_Main_Npc_Script_0170,그렇지만 마을 사람들은 그 어떠한 기억도 남아있지 않던 상태였어요.,,
Quest_Main_Npc_Script_0171,그런데 꽃샘 마을의 기둥이 솟아오른 이후 모든 월드 사람들의 기억이 일부 돌아왔어요.,,
Quest_Main_Npc_Script_0172,물론* 본래 인간이었다거나 그런 기억까지 돌아온 것은 아닙니다.,,
Quest_Main_Npc_Script_0173,나: 뭉비타이 월드의 모든 존재가 원래 인간이었다는 것 이군요..!,,
Quest_Main_Npc_Script_0174,네. 그러나* 곧 있으면 바다 마을의 기둥도 솟아오를 테고 그럼 더 많은 기억이 돌아올 수도 있지요.,,
Quest_Main_Npc_Script_0175,구원자님의 행동이 우리 월드의 운명을 결정할 거예요.,,
Quest_Main_Npc_Script_0176,앞으로 더 많은 시련들도 있을 수 있겠죠.,,
Quest_Main_Npc_Script_0177,그러나* 뭉비타이 월드의 모든 존재가 구원을 기다리고 있다는 것을 알아주세요.,,
Quest_Main_Npc_Script_0178,앞으로의 모험도* 이곳에서의 추억도 즐거움이 가득하길 바래요.,,
Quest_Main_Npc_Script_0179,단풍 마을에 온 것을 환영해 구원자님.,,
Quest_Main_Npc_Script_0180,우리 단풍 마을은 다른 마을에 비해 크기가 크고 볼거리가 많아.,,
Quest_Main_Npc_Script_0181,지내는 동안 좋은 추억을 쌓고 가길 바랄게.,,
Quest_Main_Npc_Script_0182,가을! 하면 등산이 떠오르지 않아?,,
Quest_Main_Npc_Script_0183,꽃샘 마을에서 혹시 등반해 봤어?,,
Quest_Main_Npc_Script_0184,단풍 마을의 등산 코스는 더욱 좋다고 장담할 수 있지!,,
Quest_Main_Npc_Script_0185,어때? 솔깃하지 않아?,,
Quest_Main_Npc_Script_0186,등반 코스의 맨 꼭대기에 도달하고 다시 나에게 오면 미션 완료!,,
Quest_Main_Npc_Script_0187,등반하러 가는 길에 단풍 마을 사람들이 구원자님과 인사를 나누고 싶대~,,
Quest_Main_Npc_Script_0188,물론* 인사를 할지 말지 선택은 구원자님의 몫! 잘 다녀와~,,
Quest_Main_Npc_Script_0275,꼭대기에 다녀온 후 말을 걸어줘!,,
Quest_Main_Npc_Script_0189,조심히 다녀와! 단풍 마을 구경도 꼭 하구~!,,
Quest_Main_Npc_Script_0190,등반하다 넘어져도 안 다치니까 자신 있게 다녀오라고~!.,,
Quest_Main_Npc_Script_0191,이야! 벌써 다녀왔단 말이야?,,
Quest_Main_Npc_Script_0192,등산은 어땠어? 내가 자랑하고 다닐 만 하다고 생각하지?,,
Quest_Main_Npc_Script_0193,나: 응* 경치도 좋고 스릴도 있어서 재밌더라!,,
Quest_Main_Npc_Script_0194,하하하! 다행이다. 혹시라도 지루해 하면 어쩌나 걱정했지 뭐야.,,
Quest_Main_Npc_Script_0195,정말 고생 많았어.,,
Quest_Main_Npc_Script_0196,늘 소문으로만 듣던 구원자님을 직접 보니 왜 구원자라고 불리는지 알겠어!,,
Quest_Main_Npc_Script_0197,도와줘서 고마워. ,,
Quest_Main_Npc_Script_0198,앞으로도 지금처럼 어떤 어려움도 다 잘 극복하며 좋은 결과가 있길 바랄게!,,
Quest_Main_Npc_Script_0199,이건 내가 주는 작은 선물이야.,,
Quest_Main_Npc_Script_0200,잘 헤쳐 나가서 마지막에 꼭 좋은 결과가 있길 기대하고 있을게!,,
Quest_Main_Npc_Script_0201,풍다나가 부탁하고 싶은 일이 있나 보던데 한 번 가봐!,,
Quest_Main_Npc_Script_0202,구원자님 안녕하세요~~,,
Quest_Main_Npc_Script_0203,등반은 잘 즐기셨어요?,,
Quest_Main_Npc_Script_0204,우리 단풍 마을은 경치도 좋고 음식들도 풍요로운 걸로 유명해요!,,
Quest_Main_Npc_Script_0205,올해는 고구마가 풍년이라는데 3개만 채집해 오실래요?,,
Quest_Main_Npc_Script_0206,아 참! 혹시라도 많이 캐시면 제 동생한테 1개만 가져다주실 수 있을까요?,,
Quest_Main_Npc_Script_0207,물론 안 가져다주셔도 제가 갖다주면 돼서 괜찮아요!,,
Quest_Main_Npc_Script_0276,고구마를 3개 채집한 후에 말을 걸어주시겠어요?,,
Quest_Main_Npc_Script_0208,헉 구원자님 아니세요? 저희 집에는 무슨 일이세요?,,
Quest_Main_Npc_Script_0209,나: 아* 풍다나가 여유 있으면 고구마 1개만 가져다 달라 길래.,,
Quest_Main_Npc_Script_0210,나: 동생이 좋아할 거라고 하더라고. ,,
Quest_Main_Npc_Script_0211,우와! 저 고구마 정말 좋아해요!,,
Quest_Main_Npc_Script_0212,감사합니다. 잘 먹을게요!,,
Quest_Main_Npc_Script_0213,다시 언니한테 가주실래요?,,
Quest_Main_Npc_Script_0214,감사합니다 구원자님!,,
Quest_Main_Npc_Script_0215,단풍 마을은 먹거리가 정말 많으니까 지내시는 동안 많이 드셔보세요!,,
Quest_Main_Npc_Script_0216,약소한 선물을 드릴게요. 좋은 시간 보내세요!,,
Quest_Main_Npc_Script_0217,오셨어요 구원자님?,,
Quest_Main_Npc_Script_0218,퐁당이가 전화로 구원자님 칭찬을 그렇게나 하더라고요~,,
Quest_Main_Npc_Script_0219,도와주셔서 감사해요.,,
Quest_Main_Npc_Script_0220,지내시는 동안 좋은 경험과 추억들 쌓고 가시길 바랄게요!,,
Quest_Main_Npc_Script_0221,약소한 선물을 드릴게요. 좋은 시간 보내세요!,,
Quest_Main_Npc_Script_0222,으응? 구원자네. 안녕?,,
Quest_Main_Npc_Script_0223,우리 마을은 수렵도 가능하고 낚시도 가능한 마을이야.,,
Quest_Main_Npc_Script_0224,동물이랑 물고기를 각각 3마리씩 잡아 볼래?,,
Quest_Main_Npc_Script_0225,눈꽃 마을을 가기 위한 사전 연습이라고 생각하면 좋을 거야.,,
Quest_Main_Npc_Script_0226,우리 마을은 곳곳에 낚시터가 흩뿌려져 있어.,,
Quest_Main_Npc_Script_0227,혹시 자세한 설명을 듣고 싶다면 내 맞은편 모옹이에게 가봐.,,
Quest_Main_Npc_Script_0228,물론 자신 있다면 바로 가도 돼.,,
Quest_Main_Npc_Script_0277,너는 아직 내가 부탁한 일을 완료하지 못한 것 같은걸?,,
Quest_Main_Npc_Script_0229,안녕? 우리 마을에서 낚시를 할 수 있는 공간은 총 2개야.,,
Quest_Main_Npc_Script_0230,하나는 마을 성 입구 왼편 호수에 있어.,,
Quest_Main_Npc_Script_0231,또 다른 하나는 처음에 등반했던 곳 바로 옆에 물가에서 낚시가 가능해.,,
Quest_Main_Npc_Script_0232,이곳에서 수렵도 같이 가능하지!,,
Quest_Main_Npc_Script_0233,표지판을 보면 알 수 있을거야~,,
Quest_Main_Npc_Script_0234,역시 실력이 출중하구나.,,
Quest_Main_Npc_Script_0235,이제 우리 월드 사람이라고 해도 믿을 것 같아.,,
Quest_Main_Npc_Script_0236,그만큼 네가 여기에 온 지도 시간이 꽤 흘렀다는 거겠지.,,
Quest_Main_Npc_Script_0237,이제 점점 목표에 도달해 가고 있다는 느낌은 들어?,,
Quest_Main_Npc_Script_0238,들지 않아도 괜찮아. 지금처럼 너의 길을 묵묵히 가다 보면 좋은 결과가 있을 테니..,,
Quest_Main_Npc_Script_0239,나는 이 자리에서 계속 네가 앞으로 나아가는 걸 지켜보며 응원할게.,,
Quest_Main_Npc_Script_0240,자그마한 보상이야. 잘 가!,,
Quest_Main_Npc_Script_0241,엇* 구원자님 안녕하세요!,,
Quest_Main_Npc_Script_0242,이제 단풍 마을에 머무를 시간이 얼마 안 남았다는 걸 알고 계신가요?,,
Quest_Main_Npc_Script_0243,이제 곧 있으면 구원자님은 눈꽃 마을에서 끝에 가까운 모험을 하셔야 해요!,,
Quest_Main_Npc_Script_0244,눈꽃 마을은 마을 이름은 이쁘지만 환경이 척박하고 먹을 것이 많이 없어요.,,
Quest_Main_Npc_Script_0245,그러니* 우리 단풍 마을에서 식량을 많이 축적해서 가면 좋겠죠?,,
Quest_Main_Npc_Script_0246,눈꽃 마을에 가기 전* 대추를 구해 오시면 제가 아주 좋은 재료를 보상으로 드릴게요!,,
Quest_Main_Npc_Script_0247,대추는 굉장히 구하기가 힘들어요. 높은 곳을 잘 찾아보세요!,,
Quest_Main_Npc_Script_0248,아 참* 혹시 식량을 얼마나 비축해야 할지 계획을 짜고 싶으시면 앞에 라오니한테 말을 걸어보세요!,,
Quest_Main_Npc_Script_0278,대추 찾기 힘드시죠? 그래도 구해와 주실래요?,,
Quest_Main_Npc_Script_0249,구원자님 어서 오세요~,,
Quest_Main_Npc_Script_0250,눈꽃 마을에서 생활하기 위해 식량을 얼마나 비축해야 할지 궁금하시죠?,,
Quest_Main_Npc_Script_0251,사실 저도 자세한 수치는 몰라요!,,
Quest_Main_Npc_Script_0252,그렇지만 눈꽃 마을에서는 배부름 게이지가 더 빨리 감소한다는 사실을 알고 계셨나요?!,,
Quest_Main_Npc_Script_0253,나: 아니* 몰랐어..,,
Quest_Main_Npc_Script_0254,평소에는 5분 당 배부름 게이지가 10만큼 감소했다면,,
Quest_Main_Npc_Script_0255,눈꽃 마을에서는 배부름 게이지가 3분 당 10만큼 감소해요!,,
Quest_Main_Npc_Script_0256,그럼 눈꽃 마을에서는 배부름 게이지가 가득 차 있어도 30분이면 0이 되겠죠?,,
Quest_Main_Npc_Script_0257,이 점에 유의해서 식량을 모아 가시면 될 것 같아요!,,
Quest_Main_Npc_Script_0258,저는 어쩌면 이번 임무를 구원자님께서 실패할 수도 있다고 생각했어요.,,
Quest_Main_Npc_Script_0259,대추는 그만큼 찾기 어려운 작물이니까 말이죠!,,
Quest_Main_Npc_Script_0260,사실 어쩌면 저는* 모두가 믿는 구원자님을 한 번 시험해 보고 싶었던 것일지도 몰라요.,,
Quest_Main_Npc_Script_0261,많이 힘드셨을 텐데 제 부탁을 들어주셔서 감사해요.,,
Quest_Main_Npc_Script_0262,저희 마을 촌장님인 단단뭉 촌장님께서 구원자님을 찾으세요..,,
Quest_Main_Npc_Script_0263,얼마 남지 않은 여정 잘 마무리하시고 저희에게도 좋은 소식 꼭 들려주세요!,,
Quest_Main_Npc_Script_0264,힘든 부탁을 들어주신 만큼 좋은 보상을 드릴게요 안녕~!,,
Quest_Main_Npc_Script_0265,오~ 오셨군요,,
Quest_Main_Npc_Script_0266,단풍 마을 주민들에게 소식을 듣자 하니 역시 구원자님이라는 말이 자자하더군요.,,
Quest_Main_Npc_Script_0267,나: 아닙니다. 해야 할 일을 했을 뿐인걸요.,,
Quest_Main_Npc_Script_0268,허허허.. 다름이 아니고 꼭 알아두셔야 할 사실이 있어서 이렇게 자리를 마련했습니다.,,
Quest_Main_Npc_Script_0269,이제 단풍 마을에서의 여정이 모두 끝나고 눈꽃 마을로 향하셔야 합니다.,,
Quest_Main_Npc_Script_0270,눈꽃 마을은 구원자님에게 시련이 가득한 공간이 될 거예요.,,
Quest_Main_Npc_Script_0271,구원자님이 눈꽃 마을에 도착했다는 소문이 퍼지면 마을 사람들의 염원도 더욱 커지겠죠.,,
Quest_Main_Npc_Script_0272,제가 해드릴 수 있는 조언은 그저 한 가지뿐.,,
Quest_Main_Npc_Script_0273,자신을 잃지 않고 묵묵하게 걸어나가기를 바랍니다.,,
Quest_Main_Npc_Script_0274,조만간 다시 만날 날이 있기를 바라겠습니다.,,
Quest_Main_Npc_Script_0279,눈꽃 마을에 온 것을 환영한담!,,
Quest_Main_Npc_Script_0280,우리 마을은 마을 이름과는 달리 척박한 마을이담.,,
Quest_Main_Npc_Script_0281,우리 마을은 채집물이 적은 대신 수렵과 낚시 구역이 있징!,,
Quest_Main_Npc_Script_0282,아 참* 우리 마을에선 배부름 게이지가 더 빨리 소모되니까 이점 유의해람!,,
Quest_Main_Npc_Script_0283,갑자기 추워져서 힘들진 않냠?,,
Quest_Main_Npc_Script_0284,대추차를 1개 제작해 오면 선물을 주겠담!,,
Quest_Main_Npc_Script_0285,우리 마을에서 무엇을 해야할 지 계획을 세우고 있다면 맞은편에 있는 친구에게 말을 걸어봐람!,,
Quest_Main_Npc_Script_0286,궁금하지 않으면 바로 대추차를 제작하러 가도 된담!,,
Quest_Main_Npc_Script_0287,아직 대추차를 제작하지 않았담! 만들고 말을 걸어달람!,,
Quest_Main_Npc_Script_0288,구원자님 드디어 우리 마을에 오셨군요!,,
Quest_Main_Npc_Script_0289,이제 뭉비타이에서 지낼 시간도 얼마 남지 않으셨는데 좋은 기억들만 남아있으면 좋겠어요!,,
Quest_Main_Npc_Script_0290,눈꽃 마을에서는 지난 시간 동안 구원자님이 해왔던 일들을 다시 반복해요!,,
Quest_Main_Npc_Script_0291,그렇지만 마지막인만큼 좀 더 높은 난이도의 것들이 요구될 거에요!,,
Quest_Main_Npc_Script_0292,제가 드린 얘기가 도움이 되셨길 바래요! 마지막까지 응원할게요,,
Quest_Main_Npc_Script_0293,헉! 벌써 왔는감?,,
Quest_Main_Npc_Script_0294,왜 구원자라고 불리는지 알겠담!,,
Quest_Main_Npc_Script_0295,보상으로 내가 좋아하는 마라탕을 주겠담!,,
Quest_Main_Npc_Script_0296,마지막까지 파이팅이담!,,
Quest_Main_Npc_Script_0297,구원자님 오셨어요.,,
Quest_Main_Npc_Script_0298,눈꽃 마을에서의 생활은 괜찮으신가요?,,
Quest_Main_Npc_Script_0299,조금 마음이 무거운 부탁을 드려야 할 것 같아요..,,
Quest_Main_Npc_Script_0300,올해 눈꽃 마을은 유독 먹을 거리가 풍부하지 않아서 다른 마을에서 음식을 받고 있어요.,,
Quest_Main_Npc_Script_0301,근데 단풍 마을에서 식량 조달이 조금 늦어진다고 해요.,,
Quest_Main_Npc_Script_0302,혹시 구원자님의 음식을 조금 나누어 주실 수 있을까요?,,
Quest_Main_Npc_Script_0303,총 3명의 친구들에게 전달해 주시면 될 것 같아요.,,
Quest_Main_Npc_Script_0304,직접 전달해주셔도 되고 저한테 주셔도 좋아요.,,
Quest_Main_Npc_Script_0305,저한테 주시면 제가 필요한 친구들에게 전달을 할게요.,,
Quest_Main_Npc_Script_0306,저한테 주시려면 다시 말을 걸어주세요,,
Quest_Main_Npc_Script_0307,우와아 굶어 죽는 줄 알았는데.. 감사해요 구원자님!,,
Quest_Main_Npc_Script_0308,행복한 하루 되세요!,,
Quest_Main_Npc_Script_0309,어머~ 어쩜 이렇게 마음씨도 따뜻하실까요?,,
Quest_Main_Npc_Script_0310,감사합니다. 드릴게 없어서 죄송하네요.,,
Quest_Main_Npc_Script_0311,좋은 하루 되세요 구원자님~,,
Quest_Main_Npc_Script_0312,잘 먹을게 구원자님! 고마워!!,,
Quest_Main_Npc_Script_0313,정말 감사해요 구원자님.,,
Quest_Main_Npc_Script_0314,구원자님이 주신 음식들은 저희 마을 친구들과 감사히 나누어 먹을게요!,,
Quest_Main_Npc_Script_0315,얼마 남지 않은 여정* 꼭 좋은 소식 들려주세요. 파이팅!,,
Quest_Main_Npc_Script_0316,오셨군요 구원자님!,,
Quest_Main_Npc_Script_0317,정신없이 바쁘실 텐데도 저희 마을 친구들을 위해 기꺼이 도와주셔서 감사해요!,,
Quest_Main_Npc_Script_0318,얼마 남지 않은 여정* 꼭 좋은 소식 들려주세요. 파이팅!,,
Quest_Main_Npc_Script_0319,오.. 구원자님 이시잖아? 소문으로만 들었어.,,
Quest_Main_Npc_Script_0320,눈꽃 마을에서의 생활은 잘 적응하고 있니?,,
Quest_Main_Npc_Script_0321,이번 미션은 우리 마을에서 가능한 모든 활동을 하고 돌아오는 것이야.,,
Quest_Main_Npc_Script_0322,"채집, 낚시, 수렵을 전부 즐기고 돌아오렴."," 수렵을 전부 즐기고 돌아오렴.""",
Quest_Main_Npc_Script_0323,목적지에 관한 설명이 듣고 싶으면 크레니 에게,,
Quest_Main_Npc_Script_0324,혼자 즐기며 상상의 나래를 펼치고 싶으면 바로 퀘스트를 진행하렴.,,
Quest_Main_Npc_Script_0325,아직 내가 요구한 양을 못채운 것 같아.,,
Quest_Main_Npc_Script_0326,안녕! 3가지 미션이나 동시에 수행하려니 머리가 아프지?,,
Quest_Main_Npc_Script_0327,걱정하지 말라고! 그렇게 어렵진 않을 테니,,
Quest_Main_Npc_Script_0328,우리 마을은 날씨가 추워서 채집물이 많은 편은 아냐. 대신 수렵이 발달 했지.,,
Quest_Main_Npc_Script_0329,수렵과 낚시는 구역이 정해져 있고 블루베리는 마을 곳곳에 띄엄띄엄 퍼져 있어.,,
Quest_Main_Npc_Script_0330,이 정도면 충분히 힌트가 됐지? 파이팅~,,
Quest_Main_Npc_Script_0331,뭐 이정도는 이제 어렵지도 않을 거라 생각했어.,,
Quest_Main_Npc_Script_0332,내 부탁을 들어줘서 고마워.,,
Quest_Main_Npc_Script_0333,이제 정말 끝을 향해 가고 있네.,,
Quest_Main_Npc_Script_0334,마지막까지 파이팅 해보라구. 보상을 줄게.,,
Quest_Main_Npc_Script_0335,왔구나..!,,
Quest_Main_Npc_Script_0336,혹시 저 높이 보이는 산 올라본 적 있어?,,
Quest_Main_Npc_Script_0337,있어도 놀랍고 없으면 당연하단 생각이 들지만,,
Quest_Main_Npc_Script_0338,마지막으로 구원자님에게 부탁하는 과제인 만큼 꼭 성공했으면 해.,,
Quest_Main_Npc_Script_0339,그동안 많이 지치고 귀찮기도 하고 힘들었지?,,
Quest_Main_Npc_Script_0340,우리를 구원해주기 위한 구원자님의 여정 멀리서나마 항상 응원했어.,,
Quest_Main_Npc_Script_0341,마지막 미션은 산 정상을 찍고 다시 나한테 오는 거야.,,
Quest_Main_Npc_Script_0342,가는 길에 구원자님이랑 인사를 나누고 싶어하는 친구들이 있던데,,
Quest_Main_Npc_Script_0343,선택은 구원자님의 마음이니까 인사를 하던 말던 마음대로 해~,,
Quest_Main_Npc_Script_0344,우리가 구원자님께 부탁하는 마지막 과제 끝까지 파이팅 해줘!,,
Quest_Main_Npc_Script_0345,얼른 등반을 하고 와야 하지 않을까??,,
Quest_Main_Npc_Script_0346,울라울라~,,
Quest_Main_Npc_Script_0347,멋있게 완주해줘! 파이팅! 울라울라~,,
Quest_Main_Npc_Script_0348,어려울 수도 있어요!,,
Quest_Main_Npc_Script_0349,그래도 끝까지 응원할게요. 조심히 다녀와요~,,
Quest_Main_Npc_Script_0350,정말.. 정말로 이번에도 성공했구나!,,
Quest_Main_Npc_Script_0351,눈꽃 마을의 등반은 고난이도를 자랑하기 때문에 ,,
Quest_Main_Npc_Script_0352,많은 어려움을 겪을 수도 있겠다고 생각하고 있었거든.,,
Quest_Main_Npc_Script_0353,구원자님은 실패를 모르는 사람인 것 같아!,,
Quest_Main_Npc_Script_0354,정말 멋있었고 고마워. ,,
Quest_Main_Npc_Script_0355,이로써 뭉비타이 월드에서의 모든 공식 활동은 종료됐어!,,
Quest_Main_Npc_Script_0356,기분이 어때? 우리는 구원자님과 함께하는 동안 정말 많이 행복했어!,,
Quest_Main_Npc_Script_0357,나: 나도 낯선 공간이였지만 지내는 동안 행복했어.,,
Quest_Main_Npc_Script_0358,어느 날 갑자기 나타나 우리에게 행복을 전해 줘서 고마워.,,
Quest_Main_Npc_Script_0359,그동안 구원자님이 보여준 모습들과 희망찬 자신감들을 간직할게!,,
Quest_Main_Npc_Script_0360,이제 다시 만날 수 없을 지도 모르지만,,
Quest_Main_Npc_Script_0361,우리가 함께 보낸 기억들이 소중한 추억이 되어 살아갈 수 있길..!,,
Quest_Main_Npc_Script_0362,촌장님께 가봐. 기다리고 계실거야.,,
Quest_Main_Npc_Script_0363,이제 별로 필요 없을지도 모르지만 보상을 줄게. 잘가!,,
Quest_Main_Npc_Script_0364,어서오십시오 구원자님.,,
Quest_Main_Npc_Script_0365,모든 여정이 끝났는데 마음이 어떠실 지 궁금하네요 허허.,,
Quest_Main_Npc_Script_0366,그동안 보여주신 열정* 끈기* 희망 그 모든 것들이 우리를 행복하게 했답니다.,,
Quest_Main_Npc_Script_0367,구원자님이 마지막 미션을 끝낸 바로 그 순간,,
Quest_Main_Npc_Script_0368,우리 월드의 모든 사람들은 구원을 받게 되었어요.,,
Quest_Main_Npc_Script_0369,저희의 기나긴 염원을 이루어 주셔서 정말 감사합니다.,,
Quest_Main_Npc_Script_0370,마을 중앙에 있는 돌에서 Y버튼을 눌러 신전에 같이 입장하시겠어요?,,
Quest_Main_Npc_Script_0371,구원을 받기 전 구원자님께 마지막으로 드릴 말씀이 있습니다.,,
Quest_Main_Npc_Script_0372,그럼 잠시 후에 뵙죠.,,
Quest_Main_Npc_Script_0373,드디어 신전에 당도하셨군요.,,
Quest_Main_Npc_Script_0374,신전에 들어오신 느낌은 어떠신가요?,,
Quest_Main_Npc_Script_0375,나: 이전까지 느껴보지 못한 새로운 감정이 드는 것 같아요.,,
Quest_Main_Npc_Script_0376,그러시군요.,,
Quest_Main_Npc_Script_0377,구원자님은 저희 뭉비타이 월드에 오신 이후,,
Quest_Main_Npc_Script_0378,"꽃샘, 바다, 단풍, 눈꽃 마을을 거치며", 단풍," 눈꽃 마을을 거치며"""
Quest_Main_Npc_Script_0379,마을 친구들을 돕고 늘 긍정적으로 저희의 부탁을 들어주셨습니다.,,
Quest_Main_Npc_Script_0380,모든 마을에 있는 이들을 대표하여 진심으로 감사 인사 올립니다.,,
Quest_Main_Npc_Script_0381,나: 아닙니다. 해야 할 일을 했을 뿐이에요.,,
Quest_Main_Npc_Script_0382,그간 구원자님께서 지내온 시간들을 보아왔습니다.,,
Quest_Main_Npc_Script_0383,사실 저희는 다 의도가 있어서 구원자님께 지금까지 부탁을 드려왔던 것입니다.,,
Quest_Main_Npc_Script_0384,‘모든 마을 친구들을 돕고 신전에 들어갈 자격을 얻는 자만이 구원자가 될 수 있다.’,,
Quest_Main_Npc_Script_0385,라는 전설이 대대로 전해졌기 때문이죠.,,
Quest_Main_Npc_Script_0386,그래서 저희의 부탁을 마다하지 않고 들어주시는 모습에 마을 사람들 모두 감명받아,,
Quest_Main_Npc_Script_0387,구원자의 자격을 얻지 못했음에도 ‘구원자님’이라는 호칭을 쓰게 된 것이죠.,,
Quest_Main_Npc_Script_0388,혹시 그거 아시나요?,,
Quest_Main_Npc_Script_0389,사실 저희는 구원자님이 뭉비타이 월드에서 행한 모든 행동들을 기록해 왔습니다.,,
Quest_Main_Npc_Script_0390,"꽃샘 마을을 시작으로 바다, 단풍, 눈꽃 마을까지 모든 행동을 말이죠.",,
Quest_Main_Npc_Script_0391,그 결과 구원자님의 성격을 분석한 MBTI를 알려드릴 수 있게 되었습니다.,,
Quest_Main_Npc_Script_0392,구원자님의 MBTI는 바로!,,
Quest_Main_Npc_Script_0393,OOOO,,
Quest_Main_Npc_Script_0394,지금까지 뭉비타이 월드에서 모험을 해주셔서 감사합니다.,,
Quest_Main_Npc_Script_0395,저희 역시 구원자님이 눈꽃 마을에서의 여정을 마치고 신전으로 들어오신 순간,,
Quest_Main_Npc_Script_0396,과거의 기억들이 모두 돌아왔습니다.,,
Quest_Main_Npc_Script_0397,정말로 감사합니다. 지금은 외형이 많이 변했지만 그들은 원래 모두 인간이었습니다.,,
Quest_Main_Npc_Script_0398,구원자님께서 여기를 나가 지구로 돌아가신 직후 저희 역시 다 함께 지구로 돌아갑니다.,,
Quest_Main_Npc_Script_0399,지구로 가는 즉시 뭉비타이 월드에서 있었던 모든 기억들이 사라지겠지만,,
Quest_Main_Npc_Script_0400,저희는 항상 마음 깊은 곳에 구원자님을 추억하고 감사해하며 살아가겠습니다.,,
Quest_Main_Npc_Script_0401,덕분에 행복했습니다. 부디 지금처럼 영원히 모두에게 좋은 사람으로 기억되시길…,,
Quest_Main_Npc_Script_0402,안녕히 가십시오 구원자님.,,
Title_Main_Quest_0001,뭉비타이에 온 걸 환영해,,
Title_Main_Quest_0002,뭉비타이에서 살아남는 방법,,
Title_Main_Quest_0003,이번엔 고기 앞으로!,,
Title_Main_Quest_0004,오늘은 내가 뭉비타이 요리사~,,
Title_Main_Quest_0005,구원의 시작,,
Title_Main_Quest_0006,내가 구원자라고?,,
Title_Main_Quest_0007,삐리뽀가 사라졌다!,,
Title_Main_Quest_0008,실건실제,,
Title_Main_Quest_0009,잡생각은 놀면서 날리는거래,,
Title_Main_Quest_0010,밝혀진 진실,,
Title_Main_Quest_0011,가을 타나봐,,
Title_Main_Quest_0012,고구마를 뽑아보자!,,
Title_Main_Quest_0013,풍요로운 단풍 마을,,
Title_Main_Quest_0014,겨울을 책임 질게,,
Title_Main_Quest_0015,집으로 가는 길,,
Title_Main_Quest_0016,건강이 최고!,,
Title_Main_Quest_0017,나눔은 영웅의 덕목,,
Title_Main_Quest_0018,뭉비타이 월드 마스터,,
Title_Main_Quest_0019,마지막 시련,,
Title_Main_Quest_0020,이루어진 염원,,
Title_Main_Quest_0021,모험의 끝,,
Goal_Main_Quest_0001,최소 1명의 마을 사람과 인사하기,,
Goal_Main_Quest_0002,딸기 0/5개 채집하기,,
Goal_Main_Quest_0003,오리 0/5마리 사냥하기,,
Goal_Main_Quest_0004,송이 불고기 1개 제작해오기,,
Goal_Main_Quest_0005,타타무 촌장과 대화하기,,
Goal_Main_Quest_0006,물고기 0/5마리 낚시하기,,
Goal_Main_Quest_0007,모래에 덮힌 삐리뽀 찾아오기,,
Goal_Main_Quest_0008,피쉬앤칩스 0/1개 전달하기,,
Goal_Main_Quest_0009,보물 3개 찾아오기,,
Goal_Main_Quest_0010,트리테 촌장과 대화하기,,
Goal_Main_Quest_0011,10분 안에 정상에 있는 땅콩 가져오기,,
Goal_Main_Quest_0012,고구마 0/3개 채집하기,,
Goal_Main_Quest_0013,"동물 0/3마리 사냥, 물고기 0/3마리 낚시",,
Goal_Main_Quest_0014,대추 0/1개 채집하기,,
Goal_Main_Quest_0015,단단뭉 촌장과 대화하기,,
Goal_Main_Quest_0016,대추차 0/1개 제작해오기,,
Goal_Main_Quest_0017,인벤토리에 있는 음식 0/3개 기부하기,,
Goal_Main_Quest_0018,"블루베리 0/1개, 물고기 0/2마리, 동물 0/3마리 사냥하기"," 동물 0/3마리 사냥하기""",
Goal_Main_Quest_0019,10분 안에 정상에 있는 죽순 가져오기,,
Goal_Main_Quest_0020,눈눈뭉 촌장과 대화하기,,
Goal_Main_Quest_0021,갤럭시와 대화하기,,
Npc_Default_Talk_0001,꽃샘 마을에 온 걸 환영해요. ,,
Npc_Default_Talk_0002,나는야 채집왕 버들!,,
Npc_Default_Talk_0003,송이 불고기는 맛있는 음식이다..,,
Npc_Default_Talk_0004,나무가 말을 하는게 신기해?,,
Npc_Default_Talk_0005,뭉비타이 월드에 온것을 환영하오.,,
Npc_Default_Talk_0006,바다 마을에 온 걸 환영해!,,
Npc_Default_Talk_0007,삐리뽀는 나의 베스트 프렌드야!,,
Npc_Default_Talk_0008,나는 리비라고 해! 가리비가 아니야!,,
Npc_Default_Talk_0009,신난다 신나~ 오늘은 어떤 놀이를 해볼까?,,
Npc_Default_Talk_0010,오늘 하루는 행복하셨는지요?,,
Npc_Default_Talk_0011,목구와 모목수는 내 소중한 친구들이야.,,
Npc_Default_Talk_0012,안녕하세요! 풍다나라고 해요!,,
Npc_Default_Talk_0013,난 싸움을 잘해! 이름부터 그럴거 같지 않아?,,
Npc_Default_Talk_0014,브라우니 좋아하냐고요? 아니요! 싫어해요!,,
Npc_Default_Talk_0015,자신을 되돌아보는 일은 꽤 어려운 일이죠.,,
Npc_Default_Talk_0016,꿀벌이 왜 말을 하냐고? 왜 나한테만 그래?,,
Npc_Default_Talk_0017,눈꽃 마을도 풍요로워 지면 좋겠어요!,,
Npc_Default_Talk_0018,크레니는 참 똑똑해.,,
Npc_Default_Talk_0019,겨울에도 이쁜 꽃이 피면 좋겠다..,,
Npc_Default_Talk_0020,앞으로 펼쳐질 당신의 미래를 응원합니다.,,
Npc_Default_Talk_0021,버들 보다는 내가 좀 더 똑똑하지 하하하,,
Npc_Default_Talk_0022,저도 리타 만큼이나 고기를 좋아해요!,,
Npc_Default_Talk_0023,제작의 즐거움을 알고 있니?,,
Npc_Default_Talk_0024,삶의 진리란 뭘까..,,
Npc_Default_Talk_0025,피엘은 너무 심오해!,,
Npc_Default_Talk_0026,티링과 삐리뽀는 우리 마을의 마스코트지~,,
Npc_Default_Talk_0027,심심해! 나랑 놀래?,,
Npc_Default_Talk_0028,티링은 귀찮은 존재야..,,
Npc_Default_Talk_0029,내 이름은 지락. 바지락이 아니야!,,
Npc_Default_Talk_0030,크립토는 늘 나에게 잡무 처리를 맡긴단 말이지..,,
Npc_Default_Talk_0031,안녕~ 우리랑 같이 놀래?,,
Npc_Default_Talk_0032,롤리롤리~,,
Npc_Default_Talk_0033,푸히힝~!,,
Npc_Default_Talk_0034,퐁당퐁당 돌을 던지자~,,
Npc_Default_Talk_0035,난 멍 때리는 취미가 있어. 머엉,,
Npc_Default_Talk_0036,눈꽃 마을에 가보고 싶어!,,
Npc_Default_Talk_0037,꿀비는 자존감이 낮아. 이해해줘,,
Npc_Default_Talk_0038,춥다 추워~ 그치?,,
Npc_Default_Talk_0039,저의 따뜻함으로 녹여드릴게요.,,
Npc_Default_Talk_0040,나는 긍정의 힘을 믿어!,,
Npc_Default_Talk_0041,눈꽃 마을도 좋은 마을이야.,,
Npc_Default_Talk_0042,울라울라~,,
Npc_Default_Talk_0043,난 겨울에 태어나서 그런지 우리 마을이 너무 좋아.,,
Npc_Default_Talk_0044,….,,
